name, position, email, phone
Efthimios Kaxiras,'John Hasbrouck Van Vleck Professor of Pure and Applied Physics; Chair, Department of Physics',kaxiras@physics.harvard.edu,(617) 495-7977
Carlos Argüelles-Delgado,Assistant Professor of Physics,carguelles@fas.harvard.edu,(617) 496-1328
Jacob A. Barandes,'Co-Director of Graduate Studies for Physics; Lecturer on Physics',barandes@g.harvard.edu,(617) 384-8138
Howard C. Berg,'Herchel Smith Professor of Physics and Professor of Molecular and Cellular Biology, Emeritus',hberg@mcb.harvard.edu,(617) 495-0924
Michael P. Brenner,'Michael F. Cronin Professor of Applied Mathematics and Applied Physics and Professor of Physics; Area Dean, Applied Mathematics',brenner@seas.harvard.edu,(617) 495-3336
Adam E. Cohen,Professor of Chemistry and Chemical Biology and of Physics,cohen@chemistry.harvard.edu,(617) 496-9466
Eugene Demler,Professor of Physics,demler@physics.harvard.edu,(617) 496-1045
Michael M. Desai,Professor of Organismic and Evolutionary Biology and of Physics,desai@physics.harvard.edu,(617) 496-3613
Louis Deslauriers,'Director of Science Teaching and Learning in the Faculty of Arts and Sciences; Senior Preceptor in Physics',louis@physics.harvard.edu,(617) 495-5286
John M. Doyle,Henry B. Silsbee Professor of Physics,doyle@physics.harvard.edu,(617) 495-3201
Cora Dvorkin,Associate Professor of Physics,cdvorkin@g.harvard.edu,(617) 384-9487
Gary J. Feldman,'Frank B. Baird, Jr., Research Professor of Science',feldman@physics.harvard.edu,(617) 496-1044
Douglas Finkbeiner,Professor of Astronomy and of Physics,dfinkbeiner@cfa.harvard.edu,(617) 384-8393
Melissa Franklin,Mallinckrodt Professor of Physics,melissafranklin@g.harvard.edu,(617) 495-2909
Gerald Gabrielse,'George Vasmer Leverett Professor of Physics, Emeritus',gerald.gabrielse@northwestern.edu,(847) 467-7370
Peter L. Galison,'Joseph Pellegrino University Professor Director, Collection of Historical Scientific Instruments',galisonasst@fas.harvard.edu,(617) 495-3544
Howard M. Georgi,'Mallinckrodt Professor of Physics; Harvard College Professor; Director of Undergraduate Studies',hgeorgi@fas.harvard.edu,(617) 496-8293
Sheldon L. Glashow,'Higgins Professor of Physics, Emeritus',slg@bu.edu,(617) 353-9099
Camille Gómez-Laberge,Preceptor in Physics,gomez@fas.harvard.edu,
Markus Greiner,George Vasmer Leverett Professor of Physics,greiner@physics.harvard.edu,(617) 495-9875
Roxanne Guenette,Assistant Professor of Physics,guenette@fas.harvard.edu,(617) 998-1474
Girma Hailu,Senior Preceptor in Physics,hailu@physics.harvard.edu,(617) 495 1988
Bertrand I. Halperin,'Hollis Professor of Mathematicks and Natural Philosophy, Emeritus',halperin@physics.harvard.edu,(617) 495-4294
Lene V. Hau,Mallinckrodt Professor of Physics and of Applied Physics,hau@g.harvard.edu,(617) 496-5967
Eric Heller,'Abbott and James Lawrence Professor of Chemistry, Professor of Physics',heller@physics.harvard.edu,617-496-7537
Jenny Hoffman,Clowes Professor of Science,jhoffman@physics.harvard.edu,(617) 495-3734
Gerald Holton,'Mallinckrodt Professor of Physics and Professor of the History of Science, Emeritus',holton@physics.harvard.edu,(617) 495-4474
Paul Horowitz,'Professor of Physics and of Electrical Engineering, Emeritus',paul.horowitz@h.harvard.edu,(617) 495-3265
John Huth,Donner Professor of Science,huth@g.harvard.edu,(617) 495-8144
Arthur M. Jaffe,Landon T. Clay Professor of Mathematics and Theoretical Science,jaffe@physics.harvard.edu,(617) 495-4320
Daniel L. Jafferis,Professor of Physics,jafferis@fas.harvard.edu,(617) 384-9488
Greg Kestin,Preceptor in Physics,kestin@physics.harvard.edu,
Philip Kim,Professor of Physics and of Applied Physics,pkim@physics.harvard.edu,(617) 496-0714
John M. Kovac,Professor of Astronomy and Physics,jmkovac@cfa.harvard.edu,(617) 496-0611
Mikhail Lukin,George Vasmer Leverett Professor of Physics,lukin@physics.harvard.edu,(617) 495-2862
L. Mahadevan,'Professor of Physics, de Valpine Professor of Applied Mathematics, Professor of Organismic and Evolutionary Biology',lm@seas.harvard.edu,(617) 496-9599
Vinothan N. Manoharan,Wagner Family Professor of Chemical Engineering and Professor of Physics,manoharan@physics.harvard.edu,(617) 495-3763
Eric Mazur,Balkanski Professor of Physics and Applied Physics,mazur@physics.harvard.edu,(617) 495-8729
Logan S. McCarty,Director of Science Education; Lecturer on Physics; Lecturer on Chemistry and Chemical Biology,mccarty@fas.harvard.edu,(617) 496-9009
Matteo Mitrano,Assistant Professor of Physics,mmitrano@fas.harvard.edu,
Masahiro Morii,Donner Professor of Science,morii@g.harvard.edu,(617) 495-3279
David J. Morin,'Co-Director of Undergraduate Studies; Senior Lecturer on Physics',djmorin@fas.harvard.edu,(617) 495-3257
Julia Mundy,Assistant Professor of Physics,mundy@fas.harvard.edu,(617) 495-1444
Cherry A. Murray,'Benjamin Peirce Professor of Technology and Public Policy; Professor of Physics, Emerita',camurray@seas.harvard.edu,
Venkatesh ("Venky") Narayanamurti,Benjamin Peirce Research Professor of Technology and Public Policy,venky@seas.harvard.edu,(617) 384-8211
David R. Nelson,'Professor of Physics and Applied Physics; Arthur K. Solomon Professor of Biophysics',nelson@physics.harvard.edu,(617) 495-4331
Kang-Kuen Ni,Morris Kahn Associate Professor of Chemistry and Chemical Biology and of Physics,ni@chemistry.harvard.edu,(617) 496-3199
Hongkun Park,'Mark Hyman Jr. Professor of Chemistry, Professor of Physics',hpark@chemistry.harvard.edu,617-496-0815
Peter S. Pershan,'Frank B. Baird, Jr., Professor of Science, Emeritus',pershan@seas.harvard.edu,(617) 495-3214
Mara Prentiss,'Mallinckrodt Professor of Physics; Director of Graduate Studies', prentiss@fas.harvard.edu,(617) 495-2910
Lisa Randall,'Frank B. Baird, Jr., Professor of Science',randall@physics.harvard.edu,(617) 496-8188
Matthew Reece,Professor of Physics,mreece@physics.harvard.edu,(617) 496-9123
Subir Sachdev,Herchel Smith Professor of Physics,sachdev@g.harvard.edu,(617) 495-3923
Aravinthan Samuel,Professor of Physics,samuel@physics.harvard.edu,(617) 384-9435
Matthew D. Schwartz,Professor of Physics,schwartz@g.harvard.edu,(617) 496-6908
Irwin Shapiro,Timken University Professor,ishapiro@cfa.harvard.edu,(617) 495-7300
Isaac F. Silvera,Thomas D. Cabot Professor of the Natural Sciences,silvera@physics.harvard.edu,(617) 495-9075
Andrew Strominger,Gwill E. York Professor of Physics,strominger@physics.harvard.edu,  (617) 496-8218
Christopher W. Stubbs, 'Samuel C. Moncher Professor of Physics and of Astronomy; Dean of Science in the FAS',stubbs@physics.harvard.edu,(617) 495-1454
Cumrun Vafa,Hollis Professor of Mathematicks and Natural Philosophy,vafa@physics.harvard.edu,(617) 496-8207
Ashvin Vishwanath,Professor of Physics,ashvin_vishwanath@fas.harvard.edu,(617) 495-2873
David A. Weitz,Mallinckrodt Professor of Physics and of Applied Physics,weitz@physics.harvard.edu,(617) 496-2842
Robert Westervelt,'Mallinckrodt Professor of Applied Physics and of Physics',westervelt@physics.harvard.edu,(617) 495-3296
Tai T. Wu,'Gordon McKay Professor of Applied Physics & Professor of Physics',wu@physics.harvard.edu,(617) 495-4468
Amir Yacoby,Professor of Physics and of Applied Physics,yacoby@physics.harvard.edu,(617) 495-1180
Shing-Tung Yau,William Caspar Graustein Professor of Mathematics,yau@math.harvard.edu,(617) 495-0836
Susanne Yelin,Professor of Physics in Residence,syelin@physics.harvard.edu,(617) 495-1383
Xi Yin,Professor of Physics,xiyin@fas.harvard.edu,(617) 496-8346
Xiaowei Zhuang,'David B. Arnold, Jr. Professor of Science,Howard Hughes Medical Institute Investigator',zhuang@chemistry.harvard.edu,617-496-9558

