name,designation,email,phone
Mikail Abbasov,Assistant Professor,mikail.abbasov@cornell.edu,607-2558864
H�ctor D. Abru�a,Emile M. Chamot Professor,hda1@cornell.edu,607-255-4720
Nandini Ananth,Associate Professor,ananth@cornell.edu,607-254-4544
Nozomi Ando,Assistant Professor,nozomi.ando@cornell.edu,607-255-9454
Barbara A. Baird,Horace White Professor,bab13@cornell.edu,607-255-4095
Jeremy M. Baskin,Assistant Professor,jeremy.baskin@cornell.edu,607-255-2887
Richard A. Cerione,Goldwin Smith Professor,rac1@cornell.edu,607-253-3888
Peng Chen,Peter J. W. Debye Professor,pc252@cornell.edu,607-254-8533
Geoffrey W. Coates,Tisch University Professor,gc39@cornell.edu,607-255-5447
David B. Collum,Betty R. Miller Professor,dbc6@cornell.edu,607-255-4879
Brian Crane,George W. and Grace L. Todd Professor,bc69@cornell.edu,607-254-8634
H. Floyd Davis,Professor,hfd1@cornell.edu,607-255-0014
Robert A. DiStasio Jr.,Assistant Professor,distasio@cornell.edu,607-255-4233
Steven Edward Ealick,William T. and Betty R. Miller Professor,see3@cornell.edu,607-255-7961
Gregory Sion Ezra,Professor,gse1@cornell.edu,607-255-3949
Brett P. Fors,Associate Professor,brettfors@cornell.edu,607-254-1487
Bruce Ganem,Franz and Elisabeth Roessler Professor,bg18@cornell.edu,607-255-7360
Melissa A. Hines,Professor,melissa.hines@cornell.edu,607-255-3040
Todd Hyster,Associate Professor,thyster@cornell.edu,
Tristan Lambert,Professor,tristan.lambert@cornell.edu,607-255-5339
Kyle M. Lancaster,Associate Professor and Director of Graduate Studies,kml236@cornell.edu,607-255-0502
Stephen Lee,Professor,sl137@cornell.edu,607-255-4727
Hening Lin,Professor,hl379@cornell.edu,607-255-4650
Song Lin,Howard Milstein Faculty Fellow and Assistant Professor,songlin@cornell.edu,
Roger F. Loring,Professor,roger.loring@cornell.edu,607-255-4873
John A. Marohn,Professor,john.marohn@cornell.edu,607-255-2004
Phillip Milner,Assistant Professor,pjm347@cornell.edu,607-255-6295
Andrew Musser,Assistant Professor,ajm557@cornell.edu,607-2551729
Frank C. Schroeder,Professor,schroeder@cornell.edu,607-254-4391
Erin Stache,Assistant Professor,ees234@cornell.edu,607-2552472
Justin J. Wilson,Assistant Professor,jjw275@cornell.edu,
Peter T. Wolczanski,George W. and Grace L. Todd Professor,ptw2@cornell.edu,607-255-7220
David B. Zax,Associate Professor,david.zax@cornell.edu,607-255-3646
