Yoram Alhassid,Frederick Phineas Rose Professor of Physics,yoram.alhassid@yale.edu,203-432-6922

Thomas Appelquist,Eugene Higgins Professor Physics,thomas.appelquist@yale.edu,203-432-6969

Keith Baker,Professor of Physics,oliver.baker@yale.edu,203-432-3374

Charles Baltay,Eugene Higgins Professor of Physics,charles.baltay@yale.edu,203-432-3386

Sean Barrett,Professor of Physics,sean.barrett@yale.edu,203-432-6928

Sidney Cahn,Senior Lecturer Physics; Research Scientist Physics,sidney.cahn@yale.edu,203-432-6239

Helen Caines,Professor of Physics,helen.caines@yale.edu,203-432-5831

Meng Cheng,Assistant Professor,m.cheng@yale.edu,

Eduardo da Silva Neto,Assistant Professor of Physics,eduardo.dasilvaneto@yale.edu,530 554 2767

Sarah Demers,Horace D. Taft Associate Professor of Physics,sarah.demers@yale.edu,203-432-3720 / 203-436-8501

Bonnie Fleming,Professor of Physics / Director of Graduate Studies,bonnie.fleming@yale.edu,203-432-3235

Steven Girvin,Eugene Higgins Professor of Physics,steven.girvin@yale.edu,+1 (203) 432-5082

Larry Gladney,"Phyllis Wallace Dean of Diversity and Faculty Development in the Faculty of Arts and Sciences, Professor of Physics",larry.gladney@yale.edu,203-432-6814

Leonid Glazman,Donner Professor of Physics,leonid.glazman@yale.edu,+1 (203) 432-6920

Walter Goldberger,Associate Professor of Physics,walter.goldberger@yale.edu,203-432-6902

Jack Harris,Professor of Physics,jack.harris@yale.edu,+1 (203) 432-3826

Karsten Heeger,"Professor of Physics; Chair Physics Department, Director Wright Laboratory",karsten.heeger@yale.edu,203-432-3651 / 203-432-3378

Stephen Irons,Manager Instructional Labs; Lecturer Physics,stephen.irons@yale.edu,+1 (203) 432-3664

Steve Lamoreaux,Professor of Physics,steve.lamoreaux@yale.edu,203-432-5276

Benjamin Machta,Assistant Professor of Physics,benjamin.machta@yale.edu,+1 (203) 432-3650

Reina Maruyama,Associate Professor of Physics and Astronomy,reina.maruyama@yale.edu,203-432-3362

Simon Mochrie,Professor of Physics / Director of Graduate Admissions,simon.mochrie@yale.edu,"203-436-4809, 203-432-4086"

Vincent Moncrief,Professor of Physics and of Mathematics,vincent.moncrief@yale.edu,+1 (203) 432-6930

David Moore,Assistant Professor of Physics,david.c.moore@yale.edu,+1 203-432-7986

Daisuke Nagai,Associate Professor of Physics and of Astronomy,daisuke.nagai@yale.edu,+1 (203) 432-5370

Nir Navon,Assistant Professor of Physics,nir.navon@yale.edu,+1 (203) 436-4997

Laura Newburgh,Assistant Professor of Physics,laura.newburgh@yale.edu,203-432-9168

Nikhil Padmanabhan,Associate Professor of Physics / Director of Undergraduate Studies,nikhil.padmanabhan@yale.edu,203-432-9950

David Poland,Associate Professor of Physics,david.poland@yale.edu,432-6959

Rona Ramos,Graduate Services Coordinator; Lecturer Physics,rona.ramos@yale.edu,203-432-3655

Nicholas Read,Henry Ford II Professor of Physics,nicholas.read@yale.edu,203-432-5042

Ramamurti Shankar,JW Gibbs Professor of Physics,r.shankar@yale.edu,203-432-6917

Witold Skiba,Professor of Physics,witold.skiba@yale.edu,+1 (203) 432-3903

Adriane Steinacker,Senior Lecturer in Physics,adriane.steinacker@yale.edu,

Alison Sweeney,Associate Professor of Ecology and Evolutionary Biology and of Physics,alison.sweeney@yale.edu,

Paul L. Tipton,Professor of Physics,paul.tipton@yale.edu,203-436-8501

Meg Urry,Israel Munson Professor of Physics,meg.urry@yale.edu,+1 (203) 432-5997

